{
    "cola": {
        "validation": {
            "0": {
                "matthews_correlation": 0.027193484021128634
            },
            "1": {
                "matthews_correlation": 0.0
            },
            "2": {
                "matthews_correlation": 0.0
            },
            "4": {
                "matthews_correlation": 0.0
            }
        }
    },
    "mnli": {
        "validation_matched": {
            "0": {
                "accuracy": 0.22893530310748852
            },
            "1": {
                "accuracy": 0.28323993886907795
            },
            "2": {
                "accuracy": 0.2736627610799796
            },
            "4": {
                "accuracy": 0.2954661232806928
            }
        },
        "validation_mismatched": {
            "0": {
                "accuracy": 0.21989422294548414
            },
            "1": {
                "accuracy": 0.2722742066720911
            },
            "2": {
                "accuracy": 0.2554922701383238
            },
            "4": {
                "accuracy": 0.28590317331163545
            }
        }
    },
    "mrpc": {
        "validation": {
            "0": {
                "accuracy": 0.24019607843137256,
                "f1": 0.012738853503184712
            },
            "1": {
                "accuracy": 0.5931372549019608,
                "f1": 0.7414330218068534
            },
            "2": {
                "accuracy": 0.5098039215686274,
                "f1": 0.6563573883161512
            },
            "4": {
                "accuracy": 0.5661764705882353,
                "f1": 0.7093596059113301
            }
        }
    },
    "qnli": {
        "validation": {
            "0": {
                "accuracy": 0.7243272926963207
            },
            "1": {
                "accuracy": 0.443163097199341
            },
            "2": {
                "accuracy": 0.4964305326743548
            },
            "4": {
                "accuracy": 0.5046677649643053
            }
        }
    },
    "qqp": {
        "validation": {
            "0": {
                "accuracy": 0.16819193668068266,
                "f1": 0.19947631516305644
            },
            "1": {
                "accuracy": 0.35807568637150633,
                "f1": 0.5267419172486734
            },
            "2": {
                "accuracy": 0.3635171902052931,
                "f1": 0.533052677421111
            },
            "4": {
                "accuracy": 0.36673262428889436,
                "f1": 0.5365385659721594
            }
        }
    },
    "rte": {
        "validation": {
            "0": {
                "accuracy": 0.7220216606498195
            },
            "1": {
                "accuracy": 0.5379061371841155
            },
            "2": {
                "accuracy": 0.5884476534296029
            },
            "4": {
                "accuracy": 0.5956678700361011
            }
        }
    },
    "sst2": {
        "validation": {
            "0": {
                "accuracy": 0.8635321100917431
            },
            "1": {
                "accuracy": 0.5057339449541285
            },
            "2": {
                "accuracy": 0.7282110091743119
            },
            "4": {
                "accuracy": 0.7018348623853211
            }
        }
    },
    "vnrte": {
        "validation": {
            "0": {
                "accuracy": 0.9744979279566465
            },
            "1": {
                "accuracy": 0.8756773987886516
            },
            "2": {
                "accuracy": 0.8339177558176601
            },
            "4": {
                "accuracy": 0.8351928594198279
            }
        }
    },
    "vsfc": {
        "validation": {
            "0": {
                "accuracy": 0.37713202779532534
            },
            "1": {
                "accuracy": 0.4036639292482628
            },
            "2": {
                "accuracy": 0.3967150979153506
            },
            "4": {
                "accuracy": 0.34238787113076435
            }
        }
    },
    "vsmec": {
        "validation": {
            "0": {
                "accuracy": 0.08309037900874636
            },
            "1": {
                "accuracy": 0.20116618075801748
            },
            "2": {
                "accuracy": 0.16034985422740525
            },
            "4": {
                "accuracy": 0.1151603498542274
            }
        }
    },
    "vtoc": {
        "validation": {
            "0": {
                "accuracy": 0.061714909885308575
            },
            "1": {
                "accuracy": 0.05352266521026761
            },
            "2": {
                "accuracy": 0.05953031130529765
            },
            "4": {
                "accuracy": 0.047515019115237575
            }
        }
    },
    "wnli": {
        "validation": {
            "0": {
                "accuracy": 0.43661971830985913
            },
            "1": {
                "accuracy": 0.43661971830985913
            },
            "2": {
                "accuracy": 0.4507042253521127
            },
            "4": {
                "accuracy": 0.4647887323943662
            }
        }
    }
}
