{
    "cola": {
        "validation": {
            "0": {
                "matthews_correlation": 0.013947331720943156
            },
            "1": {
                "matthews_correlation": 0.03932540851734978
            },
            "2": {
                "matthews_correlation": 0.013767598296170563
            },
            "4": {
                "matthews_correlation": -0.0380587596225257
            }
        }
    },
    "mnli": {
        "validation_matched": {
            "0": {
                "accuracy": 0.32745797249108505
            },
            "1": {
                "accuracy": 0.18451349974528783
            },
            "2": {
                "accuracy": 0.1791136016301579
            },
            "4": {
                "accuracy": 0.27254202750891493
            }
        },
        "validation_mismatched": {
            "0": {
                "accuracy": 0.3495728234336859
            },
            "1": {
                "accuracy": 0.16985353946297804
            },
            "2": {
                "accuracy": 0.16883645240032547
            },
            "4": {
                "accuracy": 0.26271358828315705
            }
        }
    },
    "mrpc": {
        "validation": {
            "0": {
                "accuracy": 0.28921568627450983,
                "f1": 0.0
            },
            "1": {
                "accuracy": 0.2916666666666667,
                "f1": 0.0
            },
            "2": {
                "accuracy": 0.27450980392156865,
                "f1": 0.013333333333333332
            },
            "4": {
                "accuracy": 0.25735294117647056,
                "f1": 0.006557377049180328
            }
        }
    },
    "qnli": {
        "validation": {
            "0": {
                "accuracy": 0.6273110012813472
            },
            "1": {
                "accuracy": 0.19146988833974007
            },
            "2": {
                "accuracy": 0.5026542192934286
            },
            "4": {
                "accuracy": 0.5053999633900788
            }
        }
    },
    "qqp": {
        "validation": {
            "0": {
                "accuracy": 0.1787534009398961,
                "f1": 0.2461231069636492
            },
            "1": {
                "accuracy": 0.29789760079149147,
                "f1": 0.4516054248290252
            },
            "2": {
                "accuracy": 0.20160771704180064,
                "f1": 0.20579189528332065
            },
            "4": {
                "accuracy": 0.21110561464259214,
                "f1": 0.2775928065049489
            }
        }
    },
    "rte": {
        "validation": {
            "0": {
                "accuracy": 0.7509025270758123
            },
            "1": {
                "accuracy": 0.6173285198555957
            },
            "2": {
                "accuracy": 0.628158844765343
            },
            "4": {
                "accuracy": 0.631768953068592
            }
        }
    },
    "sst2": {
        "validation": {
            "0": {
                "accuracy": 0.6915137614678899
            },
            "1": {
                "accuracy": 0.7775229357798165
            },
            "2": {
                "accuracy": 0.7786697247706422
            },
            "4": {
                "accuracy": 0.8153669724770642
            }
        }
    },
    "vnrte": {
        "validation": {
            "0": {
                "accuracy": 0.901498246732547
            },
            "1": {
                "accuracy": 0.9085113165444693
            },
            "2": {
                "accuracy": 0.921262352566146
            },
            "4": {
                "accuracy": 0.9292317500796939
            }
        }
    },
    "vsfc": {
        "validation": {
            "0": {
                "accuracy": 0.41882501579279846
            },
            "1": {
                "accuracy": 0.34301958307012004
            },
            "2": {
                "accuracy": 0.3310170562223626
            },
            "4": {
                "accuracy": 0.39481996209728365
            }
        }
    },
    "vsmec": {
        "validation": {
            "0": {
                "accuracy": 0.06705539358600583
            },
            "1": {
                "accuracy": 0.12099125364431487
            },
            "2": {
                "accuracy": 0.07142857142857142
            },
            "4": {
                "accuracy": 0.10349854227405247
            }
        }
    },
    "vtoc": {
        "validation": {
            "0": {
                "accuracy": 0.045876570180229385
            },
            "1": {
                "accuracy": 0.07045330420535227
            },
            "2": {
                "accuracy": 0.0655379574003277
            },
            "4": {
                "accuracy": 0.03713817586018569
            }
        }
    },
    "wnli": {
        "validation": {
            "0": {
                "accuracy": 0.4647887323943662
            },
            "1": {
                "accuracy": 0.5070422535211268
            },
            "2": {
                "accuracy": 0.49295774647887325
            },
            "4": {
                "accuracy": 0.49295774647887325
            }
        }
    }
}
