{
    "cola": {
        "validation": {
            "0": {
                "matthews_correlation": 0.002973634822921437
            },
            "1": {
                "matthews_correlation": -0.020702674026557004
            },
            "2": {
                "matthews_correlation": 0.0
            },
            "4": {
                "matthews_correlation": 0.0
            }
        }
    },
    "mnli": {
        "validation_matched": {
            "0": {
                "accuracy": 0.2382068262862965
            },
            "1": {
                "accuracy": 0.2563423331635252
            },
            "2": {
                "accuracy": 0.25185939887926645
            },
            "4": {
                "accuracy": 0.2565461029037188
            }
        },
        "validation_mismatched": {
            "0": {
                "accuracy": 0.22335231895850285
            },
            "1": {
                "accuracy": 0.23932058584214808
            },
            "2": {
                "accuracy": 0.23321806346623272
            },
            "4": {
                "accuracy": 0.23637103336045565
            }
        }
    },
    "mrpc": {
        "validation": {
            "0": {
                "accuracy": 0.24019607843137256,
                "f1": 0.06626506024096386
            },
            "1": {
                "accuracy": 0.5049019607843137,
                "f1": 0.6610738255033557
            },
            "2": {
                "accuracy": 0.45588235294117646,
                "f1": 0.6063829787234043
            },
            "4": {
                "accuracy": 0.4803921568627451,
                "f1": 0.6227758007117438
            }
        }
    },
    "qnli": {
        "validation": {
            "0": {
                "accuracy": 0.45304777594728174
            },
            "1": {
                "accuracy": 0.40765147354933184
            },
            "2": {
                "accuracy": 0.46988833974006955
            },
            "4": {
                "accuracy": 0.47592897675269996
            }
        }
    },
    "qqp": {
        "validation": {
            "0": {
                "accuracy": 0.15505812515458817,
                "f1": 0.128790390451659
            },
            "1": {
                "accuracy": 0.32090032154340836,
                "f1": 0.4797635288767622
            },
            "2": {
                "accuracy": 0.32950779124412566,
                "f1": 0.48939536635901304
            },
            "4": {
                "accuracy": 0.34924560969577045,
                "f1": 0.5135884636716583
            }
        }
    },
    "rte": {
        "validation": {
            "0": {
                "accuracy": 0.7725631768953068
            },
            "1": {
                "accuracy": 0.628158844765343
            },
            "2": {
                "accuracy": 0.628158844765343
            },
            "4": {
                "accuracy": 0.6931407942238267
            }
        }
    },
    "sst2": {
        "validation": {
            "0": {
                "accuracy": 0.8715596330275229
            },
            "1": {
                "accuracy": 0.6548165137614679
            },
            "2": {
                "accuracy": 0.7282110091743119
            },
            "4": {
                "accuracy": 0.6307339449541285
            }
        }
    },
    "vnrte": {
        "validation": {
            "0": {
                "accuracy": 0.897672935926044
            },
            "1": {
                "accuracy": 0.9292317500796939
            },
            "2": {
                "accuracy": 0.9183933694612687
            },
            "4": {
                "accuracy": 0.8906598661141217
            }
        }
    },
    "vsfc": {
        "validation": {
            "0": {
                "accuracy": 0.40998104864181933
            },
            "1": {
                "accuracy": 0.4232469993682881
            },
            "2": {
                "accuracy": 0.4320909665192672
            },
            "4": {
                "accuracy": 0.44472520530638027
            }
        }
    },
    "vsmec": {
        "validation": {
            "0": {
                "accuracy": 0.11078717201166181
            },
            "1": {
                "accuracy": 0.19533527696793002
            },
            "2": {
                "accuracy": 0.21282798833819241
            },
            "4": {
                "accuracy": 0.056851311953352766
            }
        }
    },
    "vtoc": {
        "validation": {
            "0": {
                "accuracy": 0.0622610595303113
            },
            "1": {
                "accuracy": 0.05789186237028946
            },
            "2": {
                "accuracy": 0.061714909885308575
            },
            "4": {
                "accuracy": 0.06608410704533042
            }
        }
    },
    "wnli": {
        "validation": {
            "0": {
                "accuracy": 0.4225352112676056
            },
            "1": {
                "accuracy": 0.4788732394366197
            },
            "2": {
                "accuracy": 0.4507042253521127
            },
            "4": {
                "accuracy": 0.4225352112676056
            }
        }
    }
}
