{
    "cola": {
        "validation": {
            "0": {
                "matthews_correlation": 0.3772005628674821
            },
            "1": {
                "matthews_correlation": -0.005616583088639702
            },
            "2": {
                "matthews_correlation": -0.023844981660481778
            },
            "4": {
                "matthews_correlation": 0.03966992131931411
            }
        }
    },
    "mnli": {
        "validation_matched": {
            "0": {
                "accuracy": 0.45552725420275086
            },
            "1": {
                "accuracy": 0.3273560876209883
            },
            "2": {
                "accuracy": 0.3575140091696383
            },
            "4": {
                "accuracy": 0.35160468670402445
            }
        },
        "validation_mismatched": {
            "0": {
                "accuracy": 0.4672497965825875
            },
            "1": {
                "accuracy": 0.3310618388934093
            },
            "2": {
                "accuracy": 0.3638120423108218
            },
            "4": {
                "accuracy": 0.3577095199349064
            }
        }
    },
    "mrpc": {
        "validation": {
            "0": {
                "accuracy": 0.35294117647058826,
                "f1": 0.10204081632653061
            },
            "1": {
                "accuracy": 0.31862745098039214,
                "f1": 0.034722222222222224
            },
            "2": {
                "accuracy": 0.31862745098039214,
                "f1": 0.014184397163120569
            },
            "4": {
                "accuracy": 0.3161764705882353,
                "f1": 0.0
            }
        }
    },
    "qnli": {
        "validation": {
            "0": {
                "accuracy": 0.020135456708768075
            },
            "1": {
                "accuracy": 0.20995789859051803
            },
            "2": {
                "accuracy": 0.47904082006223686
            },
            "4": {
                "accuracy": 0.5086948563060589
            }
        }
    },
    "qqp": {
        "validation": {
            "0": {
                "accuracy": 0.7208261192184022,
                "f1": 0.409212248102591
            },
            "1": {
                "accuracy": 0.3786297303982191,
                "f1": 0.5396034160466224
            },
            "2": {
                "accuracy": 0.6286420974523869,
                "f1": 0.026581950207468882
            },
            "4": {
                "accuracy": 0.432352213702696,
                "f1": 0.46268027720546917
            }
        }
    },
    "rte": {
        "validation": {
            "0": {
                "accuracy": 0.4332129963898917
            },
            "1": {
                "accuracy": 0.5270758122743683
            },
            "2": {
                "accuracy": 0.5523465703971119
            },
            "4": {
                "accuracy": 0.5018050541516246
            }
        }
    },
    "sst2": {
        "validation": {
            "0": {
                "accuracy": 0.6674311926605505
            },
            "1": {
                "accuracy": 0.4908256880733945
            },
            "2": {
                "accuracy": 0.4919724770642202
            },
            "4": {
                "accuracy": 0.4908256880733945
            }
        }
    },
    "vnrte": {
        "validation": {
            "0": {
                "accuracy": 0.3949633407714377
            },
            "1": {
                "accuracy": 0.46891934969716287
            },
            "2": {
                "accuracy": 0.5211985973860376
            },
            "4": {
                "accuracy": 0.5094038890659867
            }
        }
    },
    "vsfc": {
        "validation": {
            "0": {
                "accuracy": 0.010739102969046115
            },
            "1": {
                "accuracy": 0.443461781427669
            },
            "2": {
                "accuracy": 0.41819330385344283
            },
            "4": {
                "accuracy": 0.07959570435881239
            }
        }
    },
    "vsmec": {
        "validation": {
            "0": {
                "accuracy": 0.07725947521865889
            },
            "1": {
                "accuracy": 0.2725947521865889
            },
            "2": {
                "accuracy": 0.13119533527696792
            },
            "4": {
                "accuracy": 0.3119533527696793
            }
        }
    },
    "vtoc": {
        "validation": {
            "0": {
                "accuracy": 0.06826870562534135
            },
            "1": {
                "accuracy": 0.07318405243036592
            },
            "2": {
                "accuracy": 0.0819224467504096
            },
            "4": {
                "accuracy": 0.08465319497542327
            }
        }
    },
    "wnli": {
        "validation": {
            "0": {
                "accuracy": 0.5633802816901409
            },
            "1": {
                "accuracy": 0.43661971830985913
            },
            "2": {
                "accuracy": 0.5492957746478874
            },
            "4": {
                "accuracy": 0.5633802816901409
            }
        }
    }
}
