{
    "cola": {
        "validation": {
            "0": {
                "matthews_correlation": 0.0665266048353905
            },
            "1": {
                "matthews_correlation": -0.046743813109510104
            },
            "2": {
                "matthews_correlation": 0.019053049184673425
            },
            "4": {
                "matthews_correlation": 0.03786505225548534
            }
        }
    },
    "mnli": {
        "validation_matched": {
            "0": {
                "accuracy": 0.4768211920529801
            },
            "1": {
                "accuracy": 0.3273560876209883
            },
            "2": {
                "accuracy": 0.33408048904737647
            },
            "4": {
                "accuracy": 0.2946510443199185
            }
        },
        "validation_mismatched": {
            "0": {
                "accuracy": 0.49013425549227013
            },
            "1": {
                "accuracy": 0.3295362082994304
            },
            "2": {
                "accuracy": 0.33096013018714404
            },
            "4": {
                "accuracy": 0.28905614320585843
            }
        }
    },
    "mrpc": {
        "validation": {
            "0": {
                "accuracy": 0.44362745098039214,
                "f1": 0.32238805970149254
            },
            "1": {
                "accuracy": 0.3161764705882353,
                "f1": 0.0
            },
            "2": {
                "accuracy": 0.3161764705882353,
                "f1": 0.0
            },
            "4": {
                "accuracy": 0.3161764705882353,
                "f1": 0.0
            }
        }
    },
    "qnli": {
        "validation": {
            "0": {
                "accuracy": 0.027274391360058575
            },
            "1": {
                "accuracy": 0.38898041369211056
            },
            "2": {
                "accuracy": 0.5141863444993593
            },
            "4": {
                "accuracy": 0.5194947830862163
            }
        }
    },
    "qqp": {
        "validation": {
            "0": {
                "accuracy": 0.6627256987385605,
                "f1": 0.1683337399365699
            },
            "1": {
                "accuracy": 0.36547118476378926,
                "f1": 0.5214698750233165
            },
            "2": {
                "accuracy": 0.6318327974276527,
                "f1": 0.0
            },
            "4": {
                "accuracy": 0.4568142468464012,
                "f1": 0.3779634612661096
            }
        }
    },
    "rte": {
        "validation": {
            "0": {
                "accuracy": 0.5306859205776173
            },
            "1": {
                "accuracy": 0.5270758122743683
            },
            "2": {
                "accuracy": 0.5595667870036101
            },
            "4": {
                "accuracy": 0.516245487364621
            }
        }
    },
    "sst2": {
        "validation": {
            "0": {
                "accuracy": 0.5137614678899083
            },
            "1": {
                "accuracy": 0.5309633027522935
            },
            "2": {
                "accuracy": 0.5011467889908257
            },
            "4": {
                "accuracy": 0.4988532110091743
            }
        }
    },
    "vnrte": {
        "validation": {
            "0": {
                "accuracy": 0.45457443417277654
            },
            "1": {
                "accuracy": 0.46891934969716287
            },
            "2": {
                "accuracy": 0.47943895441504625
            },
            "4": {
                "accuracy": 0.47338221230474975
            }
        }
    },
    "vsfc": {
        "validation": {
            "0": {
                "accuracy": 0.15919140871762477
            },
            "1": {
                "accuracy": 0.04611497157296273
            },
            "2": {
                "accuracy": 0.04990524320909665
            },
            "4": {
                "accuracy": 0.051168667087807956
            }
        }
    },
    "vsmec": {
        "validation": {
            "0": {
                "accuracy": 0.08309037900874636
            },
            "1": {
                "accuracy": 0.2988338192419825
            },
            "2": {
                "accuracy": 0.23469387755102042
            },
            "4": {
                "accuracy": 0.30174927113702626
            }
        }
    },
    "vtoc": {
        "validation": {
            "0": {
                "accuracy": 0.06990715456034953
            },
            "1": {
                "accuracy": 0.06826870562534135
            },
            "2": {
                "accuracy": 0.05734571272528673
            },
            "4": {
                "accuracy": 0.05079191698525396
            }
        }
    },
    "wnli": {
        "validation": {
            "0": {
                "accuracy": 0.5633802816901409
            },
            "1": {
                "accuracy": 0.5633802816901409
            },
            "2": {
                "accuracy": 0.5633802816901409
            },
            "4": {
                "accuracy": 0.5633802816901409
            }
        }
    }
}
