{
    "cola": {
        "validation": {
            "0": {
                "matthews_correlation": 0.038403675865993636
            },
            "1": {
                "matthews_correlation": 0.00884938015164451
            },
            "2": {
                "matthews_correlation": -0.01596257609598646
            },
            "4": {
                "matthews_correlation": -0.016091397336953365
            }
        }
    },
    "mnli": {
        "validation_matched": {
            "0": {
                "accuracy": 0.3238920020376974
            },
            "1": {
                "accuracy": 0.18787570045848193
            },
            "2": {
                "accuracy": 0.32124299541518087
            },
            "4": {
                "accuracy": 0.3165562913907285
            }
        }
    },
    "mrpc": {
        "validation": {
            "0": {
                "accuracy": 0.6838235294117647,
                "f1": 0.8111273792093704
            },
            "1": {
                "accuracy": 0.5784313725490197,
                "f1": 0.692857142857143
            },
            "2": {
                "accuracy": 0.5857843137254902,
                "f1": 0.7050610820244327
            },
            "4": {
                "accuracy": 0.33088235294117646,
                "f1": 0.138801261829653
            }
        }
    },
    "qnli": {
        "validation": {
            "0": {
                "accuracy": 0.08072487644151564
            },
            "1": {
                "accuracy": 0.5026542192934286
            },
            "2": {
                "accuracy": 0.5423759838916347
            },
            "4": {
                "accuracy": 0.5539081090975655
            }
        }
    },
    "qqp": {
        "validation": {
            "0": {
                "accuracy": 0.43128864704427405,
                "f1": 0.5492187346834748
            },
            "1": {
                "accuracy": 0.36821667078901804,
                "f1": 0.5375911946269846
            },
            "2": {
                "accuracy": 0.36816720257234725,
                "f1": 0.5375382442927747
            },
            "4": {
                "accuracy": 0.3681919366806827,
                "f1": 0.53820009400875
            }
        }
    },
    "rte": {
        "validation": {
            "0": {
                "accuracy": 0.592057761732852
            },
            "1": {
                "accuracy": 0.6606498194945848
            },
            "2": {
                "accuracy": 0.5379061371841155
            },
            "4": {
                "accuracy": 0.5090252707581228
            }
        }
    },
    "sst2": {
        "validation": {
            "0": {
                "accuracy": 0.680045871559633
            },
            "1": {
                "accuracy": 0.6892201834862385
            },
            "2": {
                "accuracy": 0.7889908256880734
            },
            "4": {
                "accuracy": 0.8428899082568807
            }
        }
    },
    "vnrte": {
        "validation": {
            "0": {
                "accuracy": 0.47338221230474975
            },
            "1": {
                "accuracy": 0.4839018170226331
            },
            "2": {
                "accuracy": 0.48677080012751034
            },
            "4": {
                "accuracy": 0.5266177876952503
            }
        }
    },
    "vsfc": {
        "validation": {
            "0": {
                "accuracy": 0.20341124447252054
            },
            "1": {
                "accuracy": 0.3392293114339861
            },
            "2": {
                "accuracy": 0.34365129500947567
            },
            "4": {
                "accuracy": 0.4131396083385976
            }
        }
    },
    "vsmec": {
        "validation": {
            "0": {
                "accuracy": 0.04956268221574344
            },
            "1": {
                "accuracy": 0.2521865889212828
            },
            "2": {
                "accuracy": 0.12244897959183673
            },
            "4": {
                "accuracy": 0.17638483965014579
            }
        }
    },
    "vtoc": {
        "validation": {
            "0": {
                "accuracy": 0.07373020207536865
            },
            "1": {
                "accuracy": 0.07864554888039323
            },
            "2": {
                "accuracy": 0.07427635172037138
            },
            "4": {
                "accuracy": 0.047515019115237575
            }
        }
    },
    "wnli": {
        "validation": {
            "0": {
                "accuracy": 0.4225352112676056
            },
            "1": {
                "accuracy": 0.5492957746478874
            },
            "2": {
                "accuracy": 0.5211267605633803
            },
            "4": {
                "accuracy": 0.5492957746478874
            }
        }
    }
}
