{
    "cola": {
        "validation": {
            "0": {
                "matthews_correlation": -0.004440691184296122
            },
            "1": {
                "matthews_correlation": -0.052890421502921225
            },
            "2": {
                "matthews_correlation": 0.007404104974116579
            },
            "4": {
                "matthews_correlation": 2.7860050289246838e-5
            }
        }
    },
    "mnli": {
        "validation_matched": {
            "0": {
                "accuracy": 0.503616912888436
            },
            "1": {
                "accuracy": 0.28181355068772285
            },
            "2": {
                "accuracy": 0.3076923076923077
            },
            "4": {
                "accuracy": 0.31686194600101886
            }
        },
        "validation_mismatched": {
            "0": {
                "accuracy": 0.5097640358014646
            },
            "1": {
                "accuracy": 0.26637510170870626
            },
            "2": {
                "accuracy": 0.3083807973962571
            },
            "4": {
                "accuracy": 0.3172294548413344
            }
        }
    },
    "mrpc": {
        "validation": {
            "0": {
                "accuracy": 0.6838235294117647,
                "f1": 0.7061503416856492
            },
            "1": {
                "accuracy": 0.3161764705882353,
                "f1": 0.0
            },
            "2": {
                "accuracy": 0.3161764705882353,
                "f1": 0.0
            },
            "4": {
                "accuracy": 0.32107843137254904,
                "f1": 0.014234875444839857
            }
        }
    },
    "qnli": {
        "validation": {
            "0": {
                "accuracy": 0.0214168039538715
            },
            "1": {
                "accuracy": 0.13820245286472635
            },
            "2": {
                "accuracy": 0.3131978766245653
            },
            "4": {
                "accuracy": 0.4867289035328574
            }
        }
    },
    "qqp": {
        "validation": {
            "0": {
                "accuracy": 0.6757111056146425,
                "f1": 0.25289190267251693
            },
            "1": {
                "accuracy": 0.37949542418995796,
                "f1": 0.5356580968774871
            },
            "2": {
                "accuracy": 0.6318080633193174,
                "f1": 0.007996801279488205
            },
            "4": {
                "accuracy": 0.45191689339599306,
                "f1": 0.5432923184731754
            }
        }
    },
    "rte": {
        "validation": {
            "0": {
                "accuracy": 0.4981949458483754
            },
            "1": {
                "accuracy": 0.5270758122743683
            },
            "2": {
                "accuracy": 0.5306859205776173
            },
            "4": {
                "accuracy": 0.5415162454873647
            }
        }
    },
    "sst2": {
        "validation": {
            "0": {
                "accuracy": 0.5206422018348624
            },
            "1": {
                "accuracy": 0.4919724770642202
            },
            "2": {
                "accuracy": 0.49311926605504586
            },
            "4": {
                "accuracy": 0.49311926605504586
            }
        }
    },
    "vnrte": {
        "validation": {
            "0": {
                "accuracy": 0.38954415046222507
            },
            "1": {
                "accuracy": 0.46828179789607904
            },
            "2": {
                "accuracy": 0.47338221230474975
            },
            "4": {
                "accuracy": 0.46923812559770484
            }
        }
    },
    "vsfc": {
        "validation": {
            "0": {
                "accuracy": 0.12065698041692988
            },
            "1": {
                "accuracy": 0.443461781427669
            },
            "2": {
                "accuracy": 0.4459886291850916
            },
            "4": {
                "accuracy": 0.04674668351231838
            }
        }
    },
    "vsmec": {
        "validation": {
            "0": {
                "accuracy": 0.08454810495626822
            },
            "1": {
                "accuracy": 0.29737609329446063
            },
            "2": {
                "accuracy": 0.27696793002915454
            },
            "4": {
                "accuracy": 0.1618075801749271
            }
        }
    },
    "vtoc": {
        "validation": {
            "0": {
                "accuracy": 0.06608410704533042
            },
            "1": {
                "accuracy": 0.0638995084653195
            },
            "2": {
                "accuracy": 0.034953577280174765
            },
            "4": {
                "accuracy": 0.0622610595303113
            }
        }
    },
    "wnli": {
        "validation": {
            "0": {
                "accuracy": 0.5915492957746479
            },
            "1": {
                "accuracy": 0.4788732394366197
            },
            "2": {
                "accuracy": 0.5633802816901409
            },
            "4": {
                "accuracy": 0.5633802816901409
            }
        }
    }
}
