{
    "cola": {
        "validation": {
            "0": {
                "matthews_correlation": 0.21595074091340963
            },
            "1": {
                "matthews_correlation": 0.0
            },
            "2": {
                "matthews_correlation": -0.017429659250613447
            },
            "4": {
                "matthews_correlation": -0.026266526895031825
            }
        }
    },
    "mnli": {
        "validation_matched": {
            "0": {
                "accuracy": 0.36892511462047883
            },
            "1": {
                "accuracy": 0.3273560876209883
            },
            "2": {
                "accuracy": 0.32969943963321446
            },
            "4": {
                "accuracy": 0.3183902190524707
            }
        },
        "validation_mismatched": {
            "0": {
                "accuracy": 0.3632017900732303
            },
            "1": {
                "accuracy": 0.32963791700569567
            },
            "2": {
                "accuracy": 0.3326891781936534
            },
            "4": {
                "accuracy": 0.3207892595606184
            }
        }
    },
    "mrpc": {
        "validation": {
            "0": {
                "accuracy": 0.6985294117647058,
                "f1": 0.7172413793103448
            },
            "1": {
                "accuracy": 0.32107843137254904,
                "f1": 0.014234875444839857
            },
            "2": {
                "accuracy": 0.3161764705882353,
                "f1": 0.0
            },
            "4": {
                "accuracy": 0.3161764705882353,
                "f1": 0.0
            }
        }
    },
    "qnli": {
        "validation": {
            "0": {
                "accuracy": 0.018854109463664653
            },
            "1": {
                "accuracy": 0.3975837451949478
            },
            "2": {
                "accuracy": 0.4891085484166209
            },
            "4": {
                "accuracy": 0.4953322350356947
            }
        }
    },
    "qqp": {
        "validation": {
            "0": {
                "accuracy": 0.6399455849616621,
                "f1": 0.045630367796499045
            },
            "1": {
                "accuracy": 0.3684392777640366,
                "f1": 0.5382306134259259
            },
            "2": {
                "accuracy": 0.5974523868414544,
                "f1": 0.10236611328663615
            },
            "4": {
                "accuracy": 0.4012367054167697,
                "f1": 0.5152388962313268
            }
        }
    },
    "rte": {
        "validation": {
            "0": {
                "accuracy": 0.5126353790613718
            },
            "1": {
                "accuracy": 0.5270758122743683
            },
            "2": {
                "accuracy": 0.49458483754512633
            },
            "4": {
                "accuracy": 0.4729241877256318
            }
        }
    },
    "sst2": {
        "validation": {
            "0": {
                "accuracy": 0.5493119266055045
            },
            "1": {
                "accuracy": 0.4908256880733945
            },
            "2": {
                "accuracy": 0.49426605504587157
            },
            "4": {
                "accuracy": 0.4908256880733945
            }
        }
    },
    "vnrte": {
        "validation": {
            "0": {
                "accuracy": 0.44086707044947404
            },
            "1": {
                "accuracy": 0.46891934969716287
            },
            "2": {
                "accuracy": 0.5135479757730316
            },
            "4": {
                "accuracy": 0.5897354160025502
            }
        }
    },
    "vsfc": {
        "validation": {
            "0": {
                "accuracy": 0.04674668351231838
            },
            "1": {
                "accuracy": 0.28111181301326593
            },
            "2": {
                "accuracy": 0.36323436512950097
            },
            "4": {
                "accuracy": 0.0998104864181933
            }
        }
    },
    "vsmec": {
        "validation": {
            "0": {
                "accuracy": 0.0728862973760933
            },
            "1": {
                "accuracy": 0.119533527696793
            },
            "2": {
                "accuracy": 0.26384839650145775
            },
            "4": {
                "accuracy": 0.20116618075801748
            }
        }
    },
    "vtoc": {
        "validation": {
            "0": {
                "accuracy": 0.06663025669033315
            },
            "1": {
                "accuracy": 0.07591480065537957
            },
            "2": {
                "accuracy": 0.07755324959038777
            },
            "4": {
                "accuracy": 0.05406881485527035
            }
        }
    },
    "wnli": {
        "validation": {
            "0": {
                "accuracy": 0.5915492957746479
            },
            "1": {
                "accuracy": 0.43661971830985913
            },
            "2": {
                "accuracy": 0.5633802816901409
            },
            "4": {
                "accuracy": 0.5774647887323944
            }
        }
    }
}
