{
    "cola": {
        "validation": {
            "0": {
                "matthews_correlation": 0.026221377441177182
            },
            "1": {
                "matthews_correlation": 0.0
            },
            "2": {
                "matthews_correlation": 0.018148342420931135
            },
            "4": {
                "matthews_correlation": -0.030586105515581493
            }
        }
    },
    "mnli": {
        "validation_matched": {
            "0": {
                "accuracy": 0.4935303107488538
            },
            "1": {
                "accuracy": 0.3272542027508915
            },
            "2": {
                "accuracy": 0.356698930208864
            },
            "4": {
                "accuracy": 0.3182883341823739
            }
        },
        "validation_mismatched": {
            "0": {
                "accuracy": 0.4948128559804719
            },
            "1": {
                "accuracy": 0.33045158665581775
            },
            "2": {
                "accuracy": 0.35323433685923517
            },
            "4": {
                "accuracy": 0.318246541903987
            }
        }
    },
    "mrpc": {
        "validation": {
            "0": {
                "accuracy": 0.9705882352941176,
                "f1": 0.9786476868327401
            },
            "1": {
                "accuracy": 0.5490196078431373,
                "f1": 0.676056338028169
            },
            "2": {
                "accuracy": 0.5661764705882353,
                "f1": 0.6522593320235757
            },
            "4": {
                "accuracy": 0.32107843137254904,
                "f1": 0.021201413427561835
            }
        }
    },
    "qnli": {
        "validation": {
            "0": {
                "accuracy": 0.012447373238147538
            },
            "1": {
                "accuracy": 0.14900237964488378
            },
            "2": {
                "accuracy": 0.22350356946732564
            },
            "4": {
                "accuracy": 0.442613948380011
            }
        }
    },
    "qqp": {
        "validation": {
            "0": {
                "accuracy": 0.6279495424189958,
                "f1": 0.3045769764216366
            },
            "1": {
                "accuracy": 0.36829087311402425,
                "f1": 0.538239016452721
            },
            "2": {
                "accuracy": 0.6286668315607222,
                "f1": 0.024813251055537514
            },
            "4": {
                "accuracy": 0.36871135295572594,
                "f1": 0.5381539185350054
            }
        }
    },
    "rte": {
        "validation": {
            "0": {
                "accuracy": 0.49458483754512633
            },
            "1": {
                "accuracy": 0.5342960288808665
            },
            "2": {
                "accuracy": 0.4729241877256318
            },
            "4": {
                "accuracy": 0.4729241877256318
            }
        }
    },
    "sst2": {
        "validation": {
            "0": {
                "accuracy": 0.49426605504587157
            },
            "1": {
                "accuracy": 0.5068807339449541
            },
            "2": {
                "accuracy": 0.6594036697247706
            },
            "4": {
                "accuracy": 0.4908256880733945
            }
        }
    },
    "vnrte": {
        "validation": {
            "0": {
                "accuracy": 0.4287535862288811
            },
            "1": {
                "accuracy": 0.42684093082562957
            },
            "2": {
                "accuracy": 0.531399426203379
            },
            "4": {
                "accuracy": 0.531399426203379
            }
        }
    },
    "vsfc": {
        "validation": {
            "0": {
                "accuracy": 0.00505369551484523
            },
            "1": {
                "accuracy": 0.4485154769425142
            },
            "2": {
                "accuracy": 0.441566645609602
            },
            "4": {
                "accuracy": 0.3986102337334176
            }
        }
    },
    "vsmec": {
        "validation": {
            "0": {
                "accuracy": 0.0728862973760933
            },
            "1": {
                "accuracy": 0.24052478134110788
            },
            "2": {
                "accuracy": 0.30903790087463556
            },
            "4": {
                "accuracy": 0.07142857142857142
            }
        }
    },
    "vtoc": {
        "validation": {
            "0": {
                "accuracy": 0.06499180775532495
            },
            "1": {
                "accuracy": 0.07318405243036592
            },
            "2": {
                "accuracy": 0.08574549426542873
            },
            "4": {
                "accuracy": 0.07154560349535773
            }
        }
    },
    "wnli": {
        "validation": {
            "0": {
                "accuracy": 0.4788732394366197
            },
            "1": {
                "accuracy": 0.4788732394366197
            },
            "2": {
                "accuracy": 0.43661971830985913
            },
            "4": {
                "accuracy": 0.43661971830985913
            }
        }
    }
}
