{
    "cola": {
        "validation": {
            "0": {
                "matthews_correlation": 0.0005199345148946707
            },
            "1": {
                "matthews_correlation": 0.018148342420931135
            },
            "2": {
                "matthews_correlation": 0.03716241204687234
            },
            "4": {
                "matthews_correlation": 0.032612417934036984
            }
        }
    },
    "mnli": {
        "validation_matched": {
            "0": {
                "accuracy": 0.4696892511462048
            },
            "1": {
                "accuracy": 0.2683647478349465
            },
            "2": {
                "accuracy": 0.34885379521141113
            },
            "4": {
                "accuracy": 0.33520122261844115
            }
        },
        "validation_mismatched": {
            "0": {
                "accuracy": 0.4655207485760781
            },
            "1": {
                "accuracy": 0.2534580960130187
            },
            "2": {
                "accuracy": 0.3485557363710334
            },
            "4": {
                "accuracy": 0.3383848657445077
            }
        }
    },
    "mrpc": {
        "validation": {
            "0": {
                "accuracy": 0.9950980392156863,
                "f1": 0.996415770609319
            },
            "1": {
                "accuracy": 0.6397058823529411,
                "f1": 0.7755725190839694
            },
            "2": {
                "accuracy": 0.6838235294117647,
                "f1": 0.8122270742358079
            },
            "4": {
                "accuracy": 0.6666666666666666,
                "f1": 0.7964071856287426
            }
        }
    },
    "qnli": {
        "validation": {
            "0": {
                "accuracy": 0.017389712612117882
            },
            "1": {
                "accuracy": 0.1792055647080359
            },
            "2": {
                "accuracy": 0.1835987552626762
            },
            "4": {
                "accuracy": 0.30587589236683144
            }
        }
    },
    "qqp": {
        "validation": {
            "0": {
                "accuracy": 0.8652485777887707,
                "f1": 0.7988628811932363
            },
            "1": {
                "accuracy": 0.37046747464753893,
                "f1": 0.537589477126558
            },
            "2": {
                "accuracy": 0.431535988127628,
                "f1": 0.42923485732734007
            },
            "4": {
                "accuracy": 0.36878555528073215,
                "f1": 0.5372284481195372
            }
        }
    },
    "rte": {
        "validation": {
            "0": {
                "accuracy": 0.4368231046931408
            },
            "1": {
                "accuracy": 0.5270758122743683
            },
            "2": {
                "accuracy": 0.5523465703971119
            },
            "4": {
                "accuracy": 0.4729241877256318
            }
        }
    },
    "sst2": {
        "validation": {
            "0": {
                "accuracy": 0.5
            },
            "1": {
                "accuracy": 0.4919724770642202
            },
            "2": {
                "accuracy": 0.5091743119266054
            },
            "4": {
                "accuracy": 0.5837155963302753
            }
        }
    },
    "vnrte": {
        "validation": {
            "0": {
                "accuracy": 0.4051641695887791
            },
            "1": {
                "accuracy": 0.472425884603124
            },
            "2": {
                "accuracy": 0.7478482626713421
            },
            "4": {
                "accuracy": 0.5664647752629901
            }
        }
    },
    "vsfc": {
        "validation": {
            "0": {
                "accuracy": 0.04674668351231838
            },
            "1": {
                "accuracy": 0.44535691724573595
            },
            "2": {
                "accuracy": 0.44535691724573595
            },
            "4": {
                "accuracy": 0.4826279216677195
            }
        }
    },
    "vsmec": {
        "validation": {
            "0": {
                "accuracy": 0.08892128279883382
            },
            "1": {
                "accuracy": 0.22448979591836735
            },
            "2": {
                "accuracy": 0.04956268221574344
            },
            "4": {
                "accuracy": 0.061224489795918366
            }
        }
    },
    "vtoc": {
        "validation": {
            "0": {
                "accuracy": 0.06499180775532495
            },
            "1": {
                "accuracy": 0.10158383397050792
            },
            "2": {
                "accuracy": 0.10376843255051885
            },
            "4": {
                "accuracy": 0.0961223375204806
            }
        }
    },
    "wnli": {
        "validation": {
            "0": {
                "accuracy": 0.6056338028169014
            },
            "1": {
                "accuracy": 0.43661971830985913
            },
            "2": {
                "accuracy": 0.4507042253521127
            },
            "4": {
                "accuracy": 0.4507042253521127
            }
        }
    }
}
