{
    "cola": {
        "validation": {
            "0": {
                "matthews_correlation": 0.3102326431923189
            },
            "1": {
                "matthews_correlation": 0.02102073474555269
            },
            "2": {
                "matthews_correlation": -0.017602015440679696
            },
            "4": {
                "matthews_correlation": -0.006434621036303265
            }
        }
    },
    "mnli": {
        "validation_matched": {
            "0": {
                "accuracy": 0.37727967396841566
            },
            "1": {
                "accuracy": 0.3272542027508915
            },
            "2": {
                "accuracy": 0.3302088639836984
            },
            "4": {
                "accuracy": 0.389302088639837
            }
        },
        "validation_mismatched": {
            "0": {
                "accuracy": 0.36838893409275836
            },
            "1": {
                "accuracy": 0.33014646053702196
            },
            "2": {
                "accuracy": 0.3352318958502848
            },
            "4": {
                "accuracy": 0.3854759967453214
            }
        }
    },
    "mrpc": {
        "validation": {
            "0": {
                "accuracy": 0.4877450980392157,
                "f1": 0.4045584045584046
            },
            "1": {
                "accuracy": 0.6838235294117647,
                "f1": 0.8122270742358079
            },
            "2": {
                "accuracy": 0.6985294117647058,
                "f1": 0.8183161004431315
            },
            "4": {
                "accuracy": 0.3431372549019608,
                "f1": 0.11258278145695363
            }
        }
    },
    "qnli": {
        "validation": {
            "0": {
                "accuracy": 0.015925315760571115
            },
            "1": {
                "accuracy": 0.4847153578619806
            },
            "2": {
                "accuracy": 0.4836170602233205
            },
            "4": {
                "accuracy": 0.48215266337177376
            }
        }
    },
    "rte": {
        "validation": {
            "0": {
                "accuracy": 0.51985559566787
            },
            "1": {
                "accuracy": 0.5270758122743683
            },
            "2": {
                "accuracy": 0.5487364620938628
            },
            "4": {
                "accuracy": 0.5018050541516246
            }
        }
    },
    "sst2": {
        "validation": {
            "0": {
                "accuracy": 0.4896788990825688
            },
            "1": {
                "accuracy": 0.4908256880733945
            },
            "2": {
                "accuracy": 0.5034403669724771
            },
            "4": {
                "accuracy": 0.4827981651376147
            }
        }
    },
    "vnrte": {
        "validation": {
            "0": {
                "accuracy": 0.46828179789607904
            },
            "1": {
                "accuracy": 0.46891934969716287
            },
            "2": {
                "accuracy": 0.4705132291998725
            },
            "4": {
                "accuracy": 0.4721071087025821
            }
        }
    },
    "vsfc": {
        "validation": {
            "0": {
                "accuracy": 0.02337334175615919
            },
            "1": {
                "accuracy": 0.44472520530638027
            },
            "2": {
                "accuracy": 0.44535691724573595
            },
            "4": {
                "accuracy": 0.2381554011370815
            }
        }
    },
    "vsmec": {
        "validation": {
            "0": {
                "accuracy": 0.07434402332361516
            },
            "1": {
                "accuracy": 0.18075801749271136
            },
            "2": {
                "accuracy": 0.12973760932944606
            },
            "4": {
                "accuracy": 0.1239067055393586
            }
        }
    },
    "vtoc": {
        "validation": {
            "0": {
                "accuracy": 0.06990715456034953
            },
            "1": {
                "accuracy": 0.06826870562534135
            },
            "2": {
                "accuracy": 0.07482250136537412
            },
            "4": {
                "accuracy": 0.08574549426542873
            }
        }
    },
    "wnli": {
        "validation": {
            "0": {
                "accuracy": 0.5774647887323944
            },
            "1": {
                "accuracy": 0.43661971830985913
            },
            "2": {
                "accuracy": 0.5211267605633803
            },
            "4": {
                "accuracy": 0.5633802816901409
            }
        }
    },
    "qqp": {
        "validation": {
            "0": {
                "accuracy": 0.6165471184763789,
                "f1": 0.07747694138649211
            },
            "1": {
                "accuracy": 0.4408112787534009,
                "f1": 0.4316742081447964
            },
            "2": {
                "accuracy": 0.6261686866188474,
                "f1": 0.030532392559332905
            },
            "4": {
                "accuracy": 0.606084590650507,
                "f1": 0.15233127528209495
            }
        }
    }
}
