{
    "cola": {
        "validation": {
            "0": {
                "matthews_correlation": 0.9325051389007325
            },
            "1": {
                "matthews_correlation": 0.0463559874942472
            },
            "2": {
                "matthews_correlation": -0.023708806642817756
            },
            "4": {
                "matthews_correlation": 0.0
            }
        }
    },
    "mnli": {
        "validation_matched": {
            "0": {
                "accuracy": 0.6601120733571064
            },
            "1": {
                "accuracy": 0.4977075904228222
            },
            "2": {
                "accuracy": 0.4410596026490066
            },
            "4": {
                "accuracy": 0.32674477840040755
            }
        },
        "validation_mismatched": {
            "0": {
                "accuracy": 0.6590724165988608
            },
            "1": {
                "accuracy": 0.49288039056143207
            },
            "2": {
                "accuracy": 0.4382628152969894
            },
            "4": {
                "accuracy": 0.32363710333604556
            }
        }
    },
    "mrpc": {
        "validation": {
            "0": {
                "accuracy": 0.9803921568627451,
                "f1": 0.9857142857142857
            },
            "1": {
                "accuracy": 0.6862745098039216,
                "f1": 0.8134110787172011
            },
            "2": {
                "accuracy": 0.49019607843137253,
                "f1": 0.5418502202643171
            },
            "4": {
                "accuracy": 0.32107843137254904,
                "f1": 0.028070175438596492
            }
        }
    },
    "qnli": {
        "validation": {
            "0": {
                "accuracy": 0.010067728354384037
            },
            "1": {
                "accuracy": 0.4634816035145524
            },
            "2": {
                "accuracy": 0.47666117517847334
            },
            "4": {
                "accuracy": 0.5061321618158521
            }
        }
    },
    "qqp": {
        "validation": {
            "0": {
                "accuracy": 0.8538461538461538,
                "f1": 0.7693328648944061
            },
            "1": {
                "accuracy": 0.48451644818204304,
                "f1": 0.45829542796246714
            },
            "2": {
                "accuracy": 0.6312391788276033,
                "f1": 0.0010720268006700166
            },
            "4": {
                "accuracy": 0.59027949542419,
                "f1": 0.04143278745442972
            }
        }
    },
    "rte": {
        "validation": {
            "0": {
                "accuracy": 0.07942238267148015
            },
            "1": {
                "accuracy": 0.5270758122743683
            },
            "2": {
                "accuracy": 0.5306859205776173
            },
            "4": {
                "accuracy": 0.4729241877256318
            }
        }
    },
    "sst2": {
        "validation": {
            "0": {
                "accuracy": 0.0
            },
            "1": {
                "accuracy": 0.034403669724770644
            },
            "2": {
                "accuracy": 0.3577981651376147
            },
            "4": {
                "accuracy": 0.5080275229357798
            }
        }
    },
    "vnrte": {
        "validation": {
            "0": {
                "accuracy": 0.03474657315906918
            },
            "1": {
                "accuracy": 0.45680586547657
            },
            "2": {
                "accuracy": 0.5004781638508129
            },
            "4": {
                "accuracy": 0.5298055467006695
            }
        }
    },
    "vsfc": {
        "validation": {
            "0": {
                "accuracy": 0.0
            },
            "1": {
                "accuracy": 0.08464939987365762
            },
            "2": {
                "accuracy": 0.005685407454200884
            },
            "4": {
                "accuracy": 0.11307643714466203
            }
        }
    },
    "vsmec": {
        "validation": {
            "0": {
                "accuracy": 0.06559766763848396
            },
            "1": {
                "accuracy": 0.19096209912536444
            },
            "2": {
                "accuracy": 0.15743440233236153
            },
            "4": {
                "accuracy": 0.08309037900874636
            }
        }
    },
    "vtoc": {
        "validation": {
            "0": {
                "accuracy": 0.07209175314036045
            },
            "1": {
                "accuracy": 0.042599672310213
            },
            "2": {
                "accuracy": 0.06881485527034407
            },
            "4": {
                "accuracy": 0.08738394320043692
            }
        }
    },
    "wnli": {
        "validation": {
            "0": {
                "accuracy": 0.9436619718309859
            },
            "1": {
                "accuracy": 0.49295774647887325
            },
            "2": {
                "accuracy": 0.43661971830985913
            },
            "4": {
                "accuracy": 0.43661971830985913
            }
        }
    }
}
